<?xml version="1.0" encoding="UTF-8"?>
<!DOCTYPE mapper
    PUBLIC "-//mybatis.org//DTD Mapper 3.0//EN"
    "http://mybatis.org/dtd/mybatis-3-mapper.dtd">

<mapper namespace="com.saem.domain.member">
	<select id="select_list" resultType="com.saem.domain.MemberVO">
		SELECT * FROM the_sight_member ORDER BY f_id DESC limit #{pageNum}, 5;
	</select>
	
	<select id="select_user" resultType="com.saem.domain.MemberVO">
		SELECT count(*) as m_count FROM the_sight_member WHERE m_confirm = #{m_confirm} and (m_userid = #{m_userid} or m_email = #{m_email})
	</select>
	
	<select id="user_login" resultType="com.saem.domain.MemberVO">
		SELECT *,IFNULL(m_userid,'---') FROM the_sight_member WHERE m_userid = #{m_userid} AND m_password = #{m_password}
	</select>
	
	<update id="delete_user">
		UPDATE the_sight_member SET m_used = 0, WHERE m_userid = #{m_userid}
	</update>
	
	<update id="update">
		UPDATE the_sight_member SET f_title = #{f_title}, f_content = #{f_content} WHERE f_id = #{f_id}
	</update>
	
	<insert id="naver_join">
      	INSERT INTO the_sight_member(m_userid, m_email, m_name, m_gender, m_birth, m_emailcheck, m_confirm) VALUES(#{m_userid}, #{m_email}, #{m_name}, #{m_gender}, #{m_birth}, true, #{m_confirm})
   	</insert>
   	
   	<select id="default_join">
   		INSERT INTO the_sight_member(m_userid, m_password, m_name, m_birth, m_gender, m_email, m_emailcheck, m_salt) VALUES(#{m_userid}, #{m_password}, #{m_name}, #{m_birth}, #{m_gender}, #{m_email},#{m_emailcheck}, #{m_salt})
   	</select>
</mapper>