<?xml version="1.0" encoding="UTF-8"?>
<!DOCTYPE mapper
    PUBLIC "-//mybatis.org//DTD Mapper 3.0//EN"
    "http://mybatis.org/dtd/mybatis-3-mapper.dtd">

<mapper namespace="com.saem.domain.member">
	<select id="select_list" resultType="com.saem.domain.MemberVO">
		SELECT * FROM the_sight_member ORDER BY f_id DESC limit #{pageNum}, 5;
	</select>
	
	<select id="select_user" resultType="com.saem.domain.MemberVO">
		SELECT count(*) as m_count FROM the_sight_member WHERE m_confirm = #{m_confirm} and m_userid = #{m_userid}
	</select>
	
	<delete id="delete">
		DELETE FROM the_sight_member WHERE f_id = #{f_id}
	</delete>
	
	<update id="update">
		UPDATE the_sight_member SET f_title = #{f_title}, f_content = #{f_content} WHERE f_id = #{f_id}
	</update>
	
	<insert id="naver_Join">
      	INSERT INTO the_sight_member(m_userid, m_email, m_name, m_gender, m_birth, m_emailcheck, m_confirm) VALUES(#{m_userid}, #{m_email}, #{m_name}, #{m_gender}, #{m_birth}, true, #{m_confirm})
   	</insert>
	
	 <update id="uphit">
	 	UPDATE the_sight_member SET f_hit = f_hit + 1 WHERE f_id = #{f_id}
     </update>
	
</mapper>