<?xml version="1.0" encoding="UTF-8"?>
<!DOCTYPE mapper
    PUBLIC "-//mybatis.org//DTD Mapper 3.0//EN"
    "http://mybatis.org/dtd/mybatis-3-mapper.dtd">

<mapper namespace="com.saem.domain.tour">
	<select id="selectMain" resultType="com.saem.domain.TourVO">
		SELECT * FROM the_sight_tourdata ORDER BY div_area_count DESC LIMIT 9
	</select>
	
	<select id="selectSeg" resultType="com.saem.domain.TourVO">
		SELECT tour_name, div_seg_area FROM the_sight_tourdata WHERE div_seg_name like#{seg_name}
	</select>
	
	<select id="selectOneSeg" resultType="com.saem.domain.TourVO">
		SELECT tour_info, tour_com_tel, tour_name, div_seg_area, location_x, location_y, st_date, tour_com_name, addr_street, addr_location FROM the_sight_tourdata WHERE tour_name like#{tour_name}
	</select>
	
	<select id="selectAll" resultType="com.saem.domain.TourVO">
		SELECT * FROM the_sight_tourdata
	</select>
</mapper>
